82,"Estimates","Japan","",392,62.17,66.25,68.97,71.29,75.31,76.95,78.51,79.45,80.48,81.83,82.62
79,"Estimates","China, Hong Kong SAR","5",344,63.18,65.95,68.84,70.92,74.17,75.65,76.88,78.16,79.38,81.31,82.37
156,"Estimates","Sweden","",752,71.72,72.84,73.43,74.05,75.28,76.31,77.08,78.05,79.23,80.08,81.07
178,"Estimates","Switzerland","",756,69.34,70.71,71.59,72.58,75.19,76.09,77.23,77.93,79.23,80.49,81.78
151,"Estimates","Iceland","",352,72.05,73.16,73.55,73.66,76.23,76.76,77.57,78.53,78.95,80.55,81.37
226,"Estimates","Australia","28",36,69.43,70.5,70.98,70.98,73.5,75.17,76.11,77.57,78.73,80.21,81.4
163,"Estimates","Italy","",380,66.27,68.35,69.59,70.79,73.4,74.72,76.25,77.34,78.63,80.16,81.47
225,"Estimates","Australia/New Zealand","",927,69.47,70.51,71.01,71.03,73.33,74.9,75.8,77.35,78.51,80,81.2
169,"Estimates","Spain","21",724,64.18,67.51,69.75,71.24,74.14,75.95,76.7,77.41,78.49,79.64,81.2
222,"Estimates","Canada","",124,68.89,70.23,71.27,72.07,74.17,75.74,76.73,77.7,78.49,79.68,80.66
122,"Estimates","Israel","",376,68.87,70.04,70.98,71.77,73.52,74.63,75.82,77.07,78.35,79.6,80.8
174,"Estimates","France","",250,67.06,69.2,70.66,71.33,73.5,74.62,75.94,77.2,78.28,79.43,80.82
155,"Estimates","Norway","18",578,72.66,73.49,73.48,73.9,75.19,75.91,75.97,77.09,78.22,79.22,80.6
162,"Estimates","Greece","",300,65.75,67.16,69.24,70.1,72.84,74.52,75.66,77.42,78,79.08,79.76
177,"Estimates","Netherlands","",528,71.93,72.94,73.46,73.64,75.17,76.14,76.72,77.26,77.85,78.68,80.18
119,"Estimates","Cyprus","10",196,66.73,68.74,70.42,71.91,74.28,75.26,76.14,76.94,77.67,78.34,78.96
111,"Estimates","Singapore","",702,60.23,64.05,66.43,67.24,71.03,72.9,74.93,76.97,77.67,79.2,81.21
171,"Estimates","Western Europe","23",926,67.72,69.34,70.48,71.11,72.97,74.18,75.48,76.48,77.67,78.9,80.2
164,"Estimates","Malta","",470,66.13,67.83,69.35,70.73,73.25,74.4,75.5,76.55,77.54,78.5,79.48
227,"Estimates","New Zealand","",554,69.68,70.64,71.2,71.27,72.57,73.7,74.33,76.28,77.43,79,80.23
172,"Estimates","Austria","",40,66.26,67.91,69.55,70.11,71.99,73.14,74.82,76.04,77.38,78.8,80.07
192,"Estimates","Martinique","",474,55.57,58.88,61.86,64.65,69.7,71.88,73.86,75.68,77.37,78.94,80.11
158,"Estimates","Southern Europe","19",925,63.49,66.12,68.12,69.67,72.59,73.96,75.2,76.09,77.32,78.62,79.94
173,"Estimates","Belgium","",56,67.59,69.37,70.21,70.68,72.54,73.8,75.13,76.34,77.3,78.25,79.5
175,"Estimates","Germany","",276,67.53,68.91,69.98,70.67,72.31,73.65,75,75.88,77.21,78.57,79.76
80,"Estimates","China, Macao SAR","6",446,61.05,63.65,66.13,68.25,71.78,73.31,74.7,75.98,77.11,78.14,79.21
157,"Estimates","United Kingdom","",826,69.28,70.54,71.01,71.68,72.93,74.11,75.02,76.16,77.08,78.35,79.65
150,"Estimates","Finland","17",246,66.08,68.03,69.05,69.6,72.55,74.26,74.74,75.69,77.04,78.28,79.46
200,"Estimates","Costa Rica","",188,56,58.75,62.37,65.17,70.49,73.42,75.09,76.07,77.03,77.81,78.41
147,"Estimates","Channel Islands","16",830,69.23,70.46,70.92,71.6,72.86,74.04,74.94,76.08,77,78.27,79.63
176,"Estimates","Luxembourg","",442,65.98,67.54,69.12,69.78,71.44,72.88,74.5,75.77,76.99,78.32,79.51
197,"Estimates","United States Virgin Islands","",850,59.24,62.72,64.55,66.66,70.66,72.17,73.94,75.47,76.93,78.12,78.92
221,"Estimates","NORTHERN AMERICA","27",905,68.59,69.67,70.15,70.45,73.24,74.42,75.01,75.82,76.6,77.38,78.36
146,"Estimates","Northern Europe","15",924,68.76,70.43,71.15,71.82,72.97,73.98,74.82,75.59,76.58,77.87,79.1
223,"Estimates","United States of America","",840,68.58,69.64,70.06,70.31,73.15,74.29,74.84,75.62,76.4,77.13,78.11
189,"Estimates","Guadeloupe","25",312,53.34,57.19,60.52,63.64,68.63,70.8,72.78,74.61,76.31,77.89,79.38
185,"Estimates","Cuba","",192,59.4,62.35,65.35,68.49,73.1,74.24,74.64,74.79,76.17,77.16,78.66
148,"Estimates","Denmark","",208,70.93,72.08,72.43,72.88,74.28,74.45,74.75,75.24,76.04,77.26,78.56
152,"Estimates","Ireland","",372,66.68,68.95,70.1,70.75,71.93,73.1,74.11,75.31,75.94,77.62,79.57
211,"Estimates","Chile","",152,53.58,56.16,58.79,61.46,66.71,69.22,71.6,73.85,75.94,77.86,79.61
127,"Estimates","Qatar","",634,55.19,59.16,62.93,66.63,71.74,73.3,74.44,75.25,75.89,76.43,76.92
166,"Estimates","Portugal","",620,59.74,61.84,64.06,66.15,70.11,72.33,73.84,74.68,75.84,77.32,78.7
26,"Estimates","Réunion","",638,47.86,53.44,57.72,61.38,67.28,69.64,71.74,73.58,75.28,76.83,78.2
168,"Estimates","Slovenia","",705,65.61,67.89,69.15,69.19,70.98,71.23,72.69,73.74,75.27,76.67,78.62
7,"Estimates","High-income countries","e",1503,63.96,66.69,68.32,69.31,71.51,72.62,73.84,74.35,75.21,76.15,77.53
85,"Estimates","Other non-specified areas","",158,58.19,62.92,65.01,66.91,70.81,72.14,73.34,74.39,75.17,76.91,78.17
84,"Estimates","Republic of Korea","",410,47.92,51.23,54.85,58.84,64.95,67.4,70.42,72.88,74.93,77.37,79.96
193,"Estimates","Puerto Rico","",630,63.53,67.91,69.12,70.73,73.53,73.92,74.58,73.84,74.89,76.78,77.85
24,"Estimates","Mayotte","",175,47.26,52.81,57.07,60.71,66.61,69.02,71.14,73.09,74.86,76.47,77.95
2,"Estimates","More developed regions","a",901,64.67,67.68,69.44,70.28,71.96,72.81,73.9,74.11,74.73,75.55,76.88
104,"Estimates","Brunei Darussalam","",96,58.29,61.01,63.83,65.95,69.5,70.91,72.26,73.54,74.65,75.73,76.7
206,"Estimates","Panama","",591,56.8,59.5,62.15,64.36,69.22,71,72.38,73.55,74.6,75.54,76.36
186,"Estimates","Curaçao","",531,60.65,64.34,66.48,68.16,72.15,73.66,74.44,74.54,74.58,75,76.12
161,"Estimates","Croatia","",191,61.27,63.64,65.73,67.48,69.92,70.6,71.89,72.81,74.57,74.94,76.09
214,"Estimates","French Guiana","",254,53.32,56.14,59.53,64.37,66.54,69.2,71.06,72.75,74.24,76.09,77.97
219,"Estimates","Uruguay","",858,66.11,67.11,68.34,68.55,69.58,70.98,72.12,73.03,74.23,75.33,76.2
235,"Estimates","Guam","",316,57.13,59.67,62.24,64.57,68.45,70,71.34,72.54,74.09,75.92,77.36
138,"Estimates","Czech Republic","",203,66.39,69.42,70.36,70.04,70.64,70.69,71.4,72.3,74.04,75.41,76.85
118,"Estimates","Bahrain","",48,42.99,48.48,55.3,61.09,68.36,70.48,71.85,72.87,74,74.96,75.67
182,"Estimates","Aruba","",533,60.44,64.38,66.58,68.22,71.55,72.87,73.32,73.56,73.69,73.97,74.72
204,"Estimates","Mexico","",484,50.7,55.27,58.47,60.29,65.31,67.72,69.83,71.81,73.67,74.89,75.72
224,"Estimates","OCEANIA","",909,60.44,62.44,63.86,65.05,68.18,70.18,70.9,72.51,73.63,75.14,76.63
160,"Estimates","Bosnia and Herzegovina","",70,53.67,58.47,61.93,64.73,69.85,70.72,71.95,70.09,73.57,74.79,75.49
132,"Estimates","United Arab Emirates","",784,43.83,49.54,54.76,59.64,66.34,68.73,70.67,72.18,73.53,74.8,75.86
165,"Estimates","Montenegro","",499,59.77,62.11,65.6,68.35,72.53,73.63,74.23,74.73,73.4,73.39,74.19
208,"Estimates","Argentina","",32,62.54,64.55,65.27,65.8,68.67,70.17,71.02,72.15,73.28,74.34,75.18
125,"Estimates","Lebanon","",422,60.47,62.43,64.01,65.37,67.59,68.37,69.56,71.05,73.24,75.64,77.74
134,"Estimates","EUROPE","",908,63.59,67.07,69.16,70.01,71.02,71.63,72.8,72.61,73.05,73.75,75.26
159,"Estimates","Albania","",8,55.26,59.31,64.85,66.24,69.7,70.61,71.98,71.69,73.03,75.31,76.3
181,"Estimates","Antigua and Barbuda","",28,58.53,60.94,63.19,65.02,68.18,69.53,70.8,71.88,73,74.06,75
184,"Estimates","Barbados","",52,57.21,59.81,62.17,64.6,67.95,69.46,70.77,71.94,72.96,73.76,74.57
124,"Estimates","Kuwait","",414,53.43,58.14,61.89,64.73,68.71,70.3,71.64,72.44,72.91,73.28,73.67
230,"Estimates","New Caledonia","",540,50.74,54.6,58.03,61.04,66.02,68.08,69.88,71.45,72.82,74.06,75.16
140,"Estimates","Poland","",616,61.44,65.89,68.27,69.8,70.66,70.99,70.97,71.15,72.78,74.53,75.46
144,"Estimates","Slovakia","",703,64.45,68.74,70.63,70.33,70.47,70.62,70.96,71.61,72.76,73.83,74.69
170,"Estimates","TFYR Macedonia","22",807,54.9,58.96,62.12,65.02,68.45,68.91,70.67,71.54,72.66,73.79,74.39
114,"Estimates","Viet Nam","",704,53.51,57.27,60.49,62.33,66.12,68.06,69.79,71.23,72.65,73.8,74.69
198,"Estimates","Central America","",916,49.02,53.16,56.41,58.57,63.61,65.91,68.3,70.54,72.5,73.88,74.83
51,"Estimates","Tunisia","",788,38.81,40.73,43.74,48.33,59.37,64.26,67.14,70.3,72.4,73.71,74.56
108,"Estimates","Malaysia","8",458,54.79,57.94,60.88,63.34,67.24,68.79,70.14,71.3,72.33,73.25,73.83
213,"Estimates","Ecuador","",218,48.65,51.59,54.75,56.78,61.67,64.56,67.63,70.17,72.1,73.62,74.57
130,"Estimates","Syrian Arab Republic","",760,48.66,51.45,54.15,57.3,64.33,67.11,69.29,70.77,72.1,73.22,74.43
191,"Estimates","Jamaica","",388,58.6,62.71,65.72,67.61,70.74,72.02,72.11,72.01,72.08,72.76,74.2
167,"Estimates","Serbia","20",688,59.12,61.6,64.26,66.72,69.54,70.2,71.14,71.74,71.91,72.36,73.33
77,"Estimates","Eastern Asia","",906,45.17,46.24,46.6,56.68,66.27,68.47,69.68,70.56,71.72,74.02,75.58
128,"Estimates","Saudi Arabia","",682,41.94,44.42,46.99,50.24,60.8,64.91,67.87,69.97,71.72,72.89,73.33
183,"Estimates","Bahamas","",44,60.03,61.99,63.71,65.24,67.93,69.08,70.2,71.12,71.66,73.17,74.31
220,"Estimates","Venezuela (Bolivarian Republic of)","",862,54.84,57.77,60.68,63.27,67.37,68.71,69.47,70.23,71.62,72.82,73.35
239,"Estimates","French Polynesia","",258,48.94,54.86,57.11,59.28,62.83,66.28,67.97,69.46,71.44,73.17,75.01
28,"Estimates","Seychelles","",690,57.96,59.41,62.85,64.4,69.02,70.34,71.09,70.58,71.36,72.11,72.39
123,"Estimates","Jordan","",400,46.49,50.65,54.59,58.38,64.97,67.25,69.15,70.43,71.28,72.17,72.99
194,"Estimates","Saint Lucia","",662,52.55,55.18,59.42,61.6,67.44,69.99,70.75,71.32,71.15,72.07,73.99
120,"Estimates","Georgia","11",268,60.65,62.65,64.66,66.66,69.64,69.65,70.46,70.1,71.08,72.59,73.71
126,"Estimates","Oman","",512,36.05,40.53,44.71,48.55,57.38,61.93,65.64,68.52,70.93,73.23,75.07
139,"Estimates","Hungary","",348,64.02,66.91,68.79,69.45,69.58,69.07,69.42,69.42,70.91,72.59,73.84
137,"Estimates","Bulgaria","",100,62.06,66.35,70.12,70.96,71.13,71.27,71.36,71.13,70.88,72.06,72.95
195,"Estimates","Saint Vincent and the Grenadines","",670,51.08,55.12,60.81,63.97,66.69,68.43,69.61,70.51,70.63,70.72,71.85
78,"Estimates","China","4",156,43.39,44.04,44.13,55.05,65.19,67.45,68.63,69.39,70.59,72.85,74.44
241,"Estimates","Tonga","",776,58.65,60.47,62.31,64.03,66.85,68.09,69.25,69.87,70.47,71.16,71.84
179,"Estimates","LATIN AMERICA AND THE CARIBBEAN","",904,51.22,54.15,56.77,58.94,63.01,64.86,66.63,68.41,70.45,72.15,73.39
23,"Estimates","Mauritius","1",480,50.2,55.75,61.22,62.95,65.66,68.12,68.52,70.28,70.39,72.09,72.76
212,"Estimates","Colombia","",170,50.65,55.17,57.95,60.08,63.99,66.86,67.99,68.66,70.3,71.67,72.86
112,"Estimates","Thailand","",764,50.81,53.3,56.05,58.18,63.31,65.74,69.77,70.15,70.29,71.22,73.14
129,"Estimates","State of Palestine","12",275,46.6,48.23,50.76,54.09,60.99,64.4,67.11,68.85,70.29,71.14,71.8
154,"Estimates","Lithuania","",440,60.84,66.88,69.88,71.29,70.67,70.54,71.57,69.73,70.28,71.63,71.29
116,"Estimates","Armenia","",51,62.81,64.92,67.03,69.18,70.59,70.92,68.39,68.06,70.2,72.68,74
48,"Estimates","Libya","",434,36.67,38.99,46.89,53.32,62.47,65.57,67.51,69.35,70.17,70.79,71.79
238,"Estimates","Polynesia","30",957,50.4,53.91,56.08,58.31,62.25,64.81,66.72,68.5,70.12,71.58,73.06
187,"Estimates","Dominican Republic","",214,45.95,49.9,53.58,56.92,62.01,63.99,66.5,69.01,70.04,71.09,72.19
207,"Estimates","South America","26",931,51.89,54.35,56.71,58.82,62.62,64.41,66.06,67.76,69.89,71.76,73.11
203,"Estimates","Honduras","",340,41.79,44.59,48,51.04,57.69,61.56,65.42,67.69,69.84,70.96,71.96
188,"Estimates","Grenada","",308,56.34,58.91,61.12,63,65.95,67.11,68.16,69.01,69.83,70.89,72
142,"Estimates","Romania","",642,61.14,63.29,67.78,67.34,69.59,69.73,69.52,69.61,69.71,71.47,73.08
9,"Estimates","Upper-middle-income countries","e",1502,44.93,46.29,47.41,55.79,63.7,65.61,67.4,68.46,69.6,71.32,72.65
149,"Estimates","Estonia","",233,61.79,66.94,69.39,70.32,69.43,69.32,70.34,68.48,69.44,71.59,73.78
216,"Estimates","Paraguay","",600,62.73,63.29,64.47,65.04,66.51,67.07,67.59,68.49,69.4,70.76,71.75
234,"Estimates","Micronesia","29",954,53.5,55.43,57.69,59.79,63.5,64.6,65.97,67.54,69.36,70.89,71.93
217,"Estimates","Peru","",604,43.91,46.28,49.12,51.49,58.53,61.55,64.29,66.75,69.27,71.6,73.15
115,"Estimates","Western Asia","",922,43.85,46.95,50.21,53.88,60.3,62.59,65.43,67.17,69.15,70.83,71.98
46,"Estimates","Algeria","",12,42.89,45,47.29,49.47,54.93,61.58,65.86,67.21,69.15,71.2,73.06
102,"Estimates","Sri Lanka","",144,54.52,58.31,60.27,62.94,66.98,69.11,68.93,70.04,69.08,73.24,74.11
121,"Estimates","Iraq","",368,37.94,44.92,50.88,56.35,61.72,58.99,64.53,67.39,69.07,68.88,68.01
98,"Estimates","Iran (Islamic Republic of)","",364,40.59,43.5,46.38,49.18,56.71,52.1,60,66.86,69.05,71.13,72.73
62,"Estimates","Cabo Verde","",132,48.07,48.76,49.45,52.44,58.9,62.38,64.73,66.67,68.96,70.74,72.48
180,"Estimates","Caribbean","24",915,52.04,55.26,58.35,61.01,64.46,65.53,66.83,67.71,68.91,69.96,71.31
210,"Estimates","Brazil","",76,50.82,52.99,55.53,57.98,61.32,62.72,64.4,66.33,68.9,71.1,72.58
153,"Estimates","Latvia","",428,62.42,67.58,70.08,70.48,68.92,69.09,70.41,67.68,68.69,70.74,71.54
199,"Estimates","Belize","",84,55.92,58.64,61.35,64.26,68.66,70.35,71.46,70.57,68.59,68.52,69.58
131,"Estimates","Turkey","",792,41.01,43.67,47.22,50.78,57.05,60.22,63.05,65.5,68.5,71.37,73.38
205,"Estimates","Nicaragua","",558,42.29,45.43,48.66,51.96,57.61,59.46,62.18,66.11,68.49,70.91,72.83
240,"Estimates","Samoa","",882,45.93,48.5,50.99,53.53,58.54,61.05,63.5,66.17,68.46,70.1,71.55
196,"Estimates","Trinidad and Tobago","",780,57.88,60.82,64.08,64.77,66.67,67.27,67.76,68.22,68.44,68.68,69.28
201,"Estimates","El Salvador","",222,44.26,48.12,51.58,53.93,56.21,57.15,61.55,66.07,68.02,69.57,71.13
47,"Estimates","Egypt","",818,41.14,46.35,49.3,51.58,56.76,59.9,63.54,65.45,67.98,69,69.88
135,"Estimates","Eastern Europe","",923,60.33,65.5,68.39,69.04,68.8,68.68,69.82,68.3,67.84,67.9,69.5
218,"Estimates","Suriname","",740,55.98,58.68,60.51,62.42,65.11,66.53,67.13,67.6,67.82,68.08,69.65
49,"Estimates","Morocco","",504,45.67,47.45,49.52,51.64,55.75,59.58,63.2,65.98,67.65,69.53,71.49
99,"Estimates","Maldives","",462,34.45,36.06,38.92,42.36,50.55,55.45,59.34,63.56,67.64,72.1,75.66
136,"Estimates","Belarus","",112,60.69,66.31,69.09,70.36,70.41,70.14,71.37,69.45,67.43,67.83,69.26
145,"Estimates","Ukraine","14",804,61.82,67.1,69.69,70.67,69.67,69.17,70.55,68.72,67.35,67.46,67.89
229,"Estimates","Fiji","",242,52.21,54.73,56.91,58.93,62.24,63.68,64.93,66.05,67.07,68,68.8
237,"Estimates","Micronesia (Fed. States of)","",583,54.58,56.58,58.58,60.59,64.77,65.35,65.93,66.49,67.05,67.58,68.35
103,"Estimates","South-Eastern Asia","",920,46.46,49.95,52.81,55.51,58.05,61.92,64.19,65.68,66.94,68.04,69.27
92,"Estimates","Uzbekistan","",860,55.76,57.9,60.02,62.1,64.7,66.22,67.32,66.22,66.8,67.21,67.63
141,"Estimates","Republic of Moldova","13",498,59.04,61.07,62.87,64.64,65.16,65.1,67.53,67.3,66.61,67.62,68.27
76,"Estimates","ASIA","",935,42.11,44.34,46.31,52.63,59.19,61.42,63.45,65.08,66.58,68.51,70.13
233,"Estimates","Vanuatu","",548,41.94,44.94,47.95,50.94,56.78,59.79,61.93,64.21,66.42,68.36,69.99
202,"Estimates","Guatemala","",320,42.05,44.19,47.03,50.12,56.15,58.27,60.91,63.56,66.38,69.01,70.27
110,"Estimates","Philippines","",608,55.43,57.08,58.62,60.08,61.66,62.87,64.7,65.7,66.36,66.96,67.52
45,"Estimates","Northern Africa","",912,42.3,45.84,48.62,51.16,56.29,59.78,62.85,64.56,66.22,67.56,69.01
117,"Estimates","Azerbaijan","9",31,57.96,60.01,62.05,64.09,65.14,64.99,66.1,63.79,65.99,67.75,70.12
89,"Estimates","Kyrgyzstan","",417,52.83,55.09,57.35,59.57,62.4,64.04,66.08,66.26,65.94,66.6,66.73
106,"Estimates","Indonesia","",360,43.49,47,50.2,53.09,58.45,60.66,62.38,64.16,65.78,66.69,67.68
143,"Estimates","Russian Federation","",643,58.52,64.8,67.88,68.47,67.57,67.47,69.13,66.58,65.7,64.95,67.14
5,"Estimates","Less developed regions, excluding least developed countries","d",934,42.32,44.66,46.78,52.7,59.3,61.3,63.11,64.51,65.65,67.14,68.7
1,"Estimates","WORLD","",900,46.81,49.21,51.07,55.38,60.21,61.99,63.61,64.54,65.58,67.05,68.84
8,"Estimates","Middle-income countries","e",1517,42.35,44.68,46.78,52.5,58.75,60.62,62.44,63.74,64.91,66.44,68.03
215,"Estimates","Guyana","",328,58.83,59.81,60.7,61.55,62.39,62.82,63.18,63.83,64.56,65.28,65.84
87,"Estimates","Central Asia","",5500,54.55,56.77,58.9,60.92,63.55,65.03,66.34,65,64.28,65.39,66.47
95,"Estimates","Bangladesh","",50,40.67,44.23,47.19,49.33,52.22,54.31,56.98,60,63.76,66.72,69.04
3,"Estimates","Less developed regions","b",902,41.51,43.88,46.02,51.44,57.34,59.42,61.23,62.45,63.68,65.29,67.1
91,"Estimates","Turkmenistan","",795,51.29,53.41,55.51,57.61,60.22,61.76,62.83,62.69,63.57,64.22,64.66
81,"Estimates","Dem. People's Republic of Korea","",408,37.59,49.88,51.63,57.24,65.03,67.06,68.59,70.03,63.5,68.06,68.44
236,"Estimates","Kiribati","",296,46.38,47.99,50.63,53.02,56.64,57.32,59.14,61.59,63.28,64.54,65.08
44,"Estimates","Sao Tome and Principe","",678,46.4,48.89,51.85,54.39,60.21,60.59,61.4,62.21,63.01,63.79,65.47
88,"Estimates","Kazakhstan","",398,55.08,57.32,59.5,61.66,64.31,65.89,67.5,65.45,62.97,64.6,65.72
90,"Estimates","Tajikistan","",762,53.04,55.12,57.18,59.26,61.9,62.82,63.66,62.18,62.89,64.44,67.34
101,"Estimates","Pakistan","",586,37.05,42.74,47.5,51.26,56.13,57.77,59.32,60.78,62.09,63.35,64.39
86,"Estimates","South-Central Asia","7",921,37.49,40.76,43.93,47.15,53.15,55.23,57.4,59.87,62.06,64.05,65.84
93,"Estimates","Southern Asia","",5501,37.02,40.26,43.42,46.65,52.76,54.86,57.04,59.67,61.98,64.01,65.82
83,"Estimates","Mongolia","",496,43.18,46.09,50.73,53.87,56.85,57.3,59.6,60.77,61.82,64.08,66.14
6,"Estimates","Less developed regions, excluding China","",948,40.73,44.03,47.01,49.86,54.7,56.88,58.73,60.22,61.68,63.2,65.13
97,"Estimates","India","",356,36.62,39.66,42.73,46.03,52.56,54.95,56.75,59.2,61.59,63.57,65.46
10,"Estimates","Lower-middle-income countries","e",1501,39.82,43.24,46.27,49.24,54.53,56.61,58.29,59.94,61.39,62.86,64.61
109,"Estimates","Myanmar","",104,36.07,41.24,44.2,49.61,53.97,55.95,57.83,59.62,61.28,62.94,64.26
52,"Estimates","Western Sahara","",732,35.52,37.43,39.31,41.24,47.56,51.88,56.18,58.72,61.28,63.91,65.95
232,"Estimates","Solomon Islands","",90,45.39,47.92,50.44,52.97,58.02,58.75,55.84,58.33,61.14,64.35,66.37
100,"Estimates","Nepal","",524,34.01,34.57,36.2,39.09,44.93,48.34,52.13,56.44,60.51,64.06,66.79
43,"Estimates","Gabon","",266,37,39,40.5,44.64,52.91,57.03,60.73,61.18,60.32,58.89,60.79
70,"Estimates","Mauritania","",478,38.59,41.72,45.19,47.94,52.73,55.76,57.77,58.89,59.87,60.28,61.3
133,"Estimates","Yemen","",887,34.7,34.7,34.71,39.13,48.07,53.03,56.76,58.61,59.8,60.98,62.03
228,"Estimates","Melanesia","",928,37.32,40.07,42.97,46.98,53.19,56.34,56.68,58.34,59.76,61.36,63.13
57,"Estimates","South Africa","",710,45.01,47.99,49.95,51.93,55.54,58.43,61.04,62.27,59.32,52.79,52.2
16,"Estimates","Comoros","",174,38.72,40.47,42.47,44.48,49.06,52.29,55.29,57.82,59.29,59.6,60.89
209,"Estimates","Bolivia (Plurinational State of)","",68,40.02,41.39,42.95,44.72,48.86,51.22,53.77,56.47,59.27,62.11,64.95
53,"Estimates","Southern Africa","",913,44.74,47.69,49.71,51.63,55.41,58.29,60.81,61.98,58.58,52.17,52.34
96,"Estimates","Bhutan","",64,29.52,31.4,33.36,35.32,43.06,46.83,50.51,54.48,58.41,62.88,66.65
56,"Estimates","Namibia","",516,41.75,45.27,48.43,51.2,56.5,58.85,60.67,61.2,58.36,53.41,60.05
231,"Estimates","Papua New Guinea","",598,34.68,37.18,39.94,44.18,50.78,54.35,54.76,56.53,57.96,59.6,61.51
107,"Estimates","Lao People's Democratic Republic","",418,40.93,42.44,43.97,45.48,48.4,49.89,52.37,54.84,57.53,60.34,63.16
73,"Estimates","Senegal","",686,35.47,37.49,38.62,38.42,46.5,51.27,56.05,57.59,57.24,58.93,62.23
50,"Estimates","Sudan","",729,44.54,47.08,49.22,51.23,54,54.46,55.14,56,57.21,58.87,60.9
190,"Estimates","Haiti","",332,37.48,40.62,43.53,46.22,50.07,51.65,53.73,55.43,57.13,58.34,60.23
17,"Estimates","Djibouti","",262,41.04,42.95,45.18,47.35,52.55,54.67,56.11,57.02,57.02,57.29,59.05
113,"Estimates","Timor-Leste","",626,29.97,32.48,34.98,37.49,31.18,39.92,46.46,50.46,57,61.48,66.39
65,"Estimates","Ghana","",288,42.17,44.67,46.9,48.62,51.6,53.05,55.31,57.75,56.98,57.49,60.02
21,"Estimates","Madagascar","",450,36.32,38.75,41.17,43.53,48.08,49.66,49.91,52.66,56.68,60.03,62.23
105,"Estimates","Cambodia","",116,40.32,41.05,41.39,41.97,14.49,45.08,52.04,54.27,56.41,60.78,65.12
60,"Estimates","Benin","",204,33.71,36.14,38.41,40.96,46.34,48.36,51.78,54.75,54.79,56.03,58.2
18,"Estimates","Eritrea","",232,35.84,36.85,37.98,39.58,42.9,43.95,46.51,50.25,54.5,57.4,59.92
64,"Estimates","Gambia","",270,30.25,31.53,32.81,35.8,44.21,48.2,51.34,52.71,54.29,56.79,58.7
94,"Estimates","Afghanistan","",4,28.59,31.12,33.39,35.58,40.39,43.55,47.7,51.75,54.17,55.98,58.04
4,"Estimates","Least developed countries","c",941,36.13,38.68,40.94,43.29,45.9,48.81,50.62,51.44,53.71,56.23,59.48
75,"Estimates","Togo","",768,35.3,38.66,41.9,45.02,50.93,53.58,55.41,55.78,53.71,53.89,55.69
58,"Estimates","Swaziland","",748,41.42,43.46,45.05,46.69,52.6,55.97,58.51,59.05,52.78,45.77,47.35
37,"Estimates","Cameroon","",120,38.54,40.45,42.68,44.85,50.06,52.18,53.28,53.63,52.66,51.59,52.73
68,"Estimates","Liberia","",430,33.12,34.18,35.39,37.91,44.52,46.97,47.33,47.69,52.59,52.39,58.11
13,"Estimates","AFRICA","",903,37.35,39.86,42.23,44.31,48.6,50.49,51.78,51.74,52.25,53.28,56.49
55,"Estimates","Lesotho","",426,42.16,45.08,47.79,48.52,52.25,55.29,57.32,60.04,52.23,43.73,45.59
20,"Estimates","Kenya","",404,42.3,44.73,48.02,50.75,56.3,59,59.43,57.3,51.9,51.33,56.53
54,"Estimates","Botswana","",72,47.66,49.69,51.59,53.36,59.31,61.74,62.85,60.96,51.65,49.01,61.07
66,"Estimates","Guinea","",324,33.08,34.33,35.38,36.14,39.87,43.05,47.92,51.29,51.61,51.31,54.47
42,"Estimates","Equatorial Guinea","",226,34.48,35.99,37.49,39,42.06,45.57,47.17,49.22,51.34,52.77,54.64
40,"Estimates","Congo","",178,43.16,46.84,50.17,52.5,55.45,56.5,56.02,53.76,51.08,51.36,56.54
67,"Estimates","Guinea-Bissau","",624,35.88,37.19,38.63,40.6,44.48,46.57,48.15,49.95,51.08,51.86,53
15,"Estimates","Burundi","",108,39.03,40.53,42.04,43.53,46.43,48.03,49.16,47.29,50.86,51.97,53.67
19,"Estimates","Ethiopia","",231,34.08,36.68,40.08,42.14,44.26,43.52,46.16,48.07,50.7,53.61,59.08
11,"Estimates","Low-income countries","e",1500,34.96,37.61,39.61,41.82,43.9,47.2,48.9,49.11,50.66,53.07,56.93
61,"Estimates","Burkina Faso","",854,30.94,33.29,35.59,38.04,43.39,48.39,49.48,49.33,49.86,51.61,55.82
29,"Estimates","Somalia","",706,33.99,35.99,37.97,39.99,43.8,45.52,46.41,44.99,49.83,51.53,53.21
12,"Estimates","Sub-Saharan Africa","f",947,36.19,38.39,40.61,42.56,46.68,48.23,49.18,48.9,49.3,50.32,53.83
32,"Estimates","United Republic of Tanzania","2",834,41.25,43.03,44.31,45.83,49.94,50.73,50.86,49.15,49.12,52.79,58.73
14,"Estimates","Eastern Africa","",910,37.02,39.45,42.01,44.07,47.5,48.13,48.82,47.4,49.01,51.2,56.25
71,"Estimates","Niger","",562,34.97,35.3,35.75,36.03,38.17,40.77,42.71,45.46,48.94,52.41,55.64
41,"Estimates","Democratic Republic of the Congo","",180,39.06,40.55,41.63,42.99,45.63,47.13,48.25,49.59,48.89,51.84,55.48
59,"Estimates","Western Africa","3",914,33.69,35.65,37.75,39.65,44.57,46.88,47.87,48.33,48.49,49.59,52.64
35,"Estimates","Middle Africa","",911,36.68,38.43,40.08,41.9,45.64,47.11,48.08,48.77,48.48,50.37,53.09
30,"Estimates","South Sudan","",728,27.88,30.54,32.69,34.85,38.68,39.45,41.81,45.32,48.17,50.19,52.3
69,"Estimates","Mali","",466,26.96,27.98,28.61,30.8,37.71,41.55,45.18,47.32,48.03,50.34,54.86
25,"Estimates","Mozambique","",508,31.29,33.79,36.18,38.14,42.23,41.5,42.5,44.27,47.73,49.64,51.93
39,"Estimates","Chad","",148,36.06,37.37,38.71,40.15,43.98,45.39,46.64,47.14,47.65,47.65,48.71
63,"Estimates","Côte d'Ivoire","",384,32.14,35.1,38.65,41.65,49.25,51.6,52.77,51.44,47.62,46.68,49.19
72,"Estimates","Nigeria","",566,34.01,36.01,38.35,40.19,44.51,46.25,46.17,46.09,46.32,47.33,50.18
38,"Estimates","Central African Republic","",140,33.44,35.5,37.57,40.16,47.62,49.59,49.62,48.07,45.69,44.22,46.09
34,"Estimates","Zimbabwe","",716,48.54,50.59,52.48,54.13,57.83,60.78,61.63,55.82,44.95,40.73,44.96
31,"Estimates","Uganda","",800,40,42.6,45.39,48.12,49.27,48.73,46.39,44.14,44.53,49.15,54.29
27,"Estimates","Rwanda","",646,40.02,41.51,43.02,44.13,45.79,49.62,47.32,23.05,44.48,50.09,59.24
22,"Estimates","Malawi","",454,36.26,37.22,38.42,39.5,43.79,45.37,44.47,43.42,44,45.24,52.49
36,"Estimates","Angola","",24,30,32,34,36.01,39.78,40.42,41.12,41.39,43.31,47.24,49.63
33,"Estimates","Zambia","",894,42.07,44.12,46.08,47.83,51.57,50.61,46.45,42.77,42.47,45.79,53.5
74,"Estimates","Sierra Leone","",694,28.81,29.87,30.98,32.62,39.7,40.85,39.13,35.96,36.69,41.32,45.88
